repeated_times,Accuracy,Precision,Recall,F1,AUC,CV_list(AUC)
10,0.8793103448275861,0.9396551724137933,0.5,0.4678899082568807,0.7521008403361346,"[0.6442577030812325, 0.7254901960784313, 0.6246498599439776, 0.7507002801120448, 0.7282913165266105, 0.8039215686274509, 0.8907563025210083, 0.7170868347338936, 0.9159663865546218, 0.7198879551820728]"
