repeated_times,Accuracy,Precision,Recall,F1,AUC,CV_list(AUC)
10,0.8867549668874173,0.7419761425195881,0.7392344497607656,0.7362810675705725,0.8919657097288676,"[0.9314194577352471, 0.8153907496012759, 0.923444976076555, 0.8072169059011165, 0.9338118022328549, 0.8803827751196172, 0.9485645933014354, 0.9122807017543859, 0.8787878787878788, 0.8883572567783093]"
